{
  "licenseType": "Unknown",
  "dc:description": "Imported at Thu Jul 26 06:51:16 PDT 2018 from ACTON LAKE DAM.kml.",
  "exportable": true,
  "dc:title": "ACTON LAKE DAM.kml",
  "dc:modified": "2018-07-26T13:51:19Z",
  "dc:identifier": "1P9rj5WXwUc75TQWLFRw7EfRZa2cglAogU_oqMWE0",
  "tableSchema": {"columns": [
    {
      "datatype": "string",
      "name": "col0",
      "validateData": false,
      "title": "description"
    },
    {
      "datatype": "string",
      "name": "col1",
      "validateData": false,
      "title": "name"
    },
    {
      "datatype": "location",
      "name": "col2",
      "validateData": false,
      "title": "geometry"
    }
  ]}
}